{"loss": null, "mae": 8.520373901864152, "mse": 145.99309816798797, "r2": 0.9896405768701487, "avg_training_time": 534.3806056976318, "avg_inference_time": 0.00016949665681795258, "total_samples": 9334, "elapsed_time": 33.27541899681091}